predictions,case
"[False, False, False, False, False, False, False, False, True, False]",case_17
"[True, False, False, False, False, False, False, False, False, False]",case_19
"[True, False, False, False, False, False, True, False, False, False]",case_40
"[False, False, False, True, False, False, False, False, True, False]",case_24
"[False, False, False, False, False, False, False, False, False, False]",case_147
"[False, False, False, False, True, False, False, True, False, False]",case_181
"[False, False, False, True, False, False, False, False, True, False]",case_183
"[False, False, False, False, True, False, False, False, True, False]",case_127
"[True, False, False, False, False, True, True, False, False, False]",case_137
"[True, False, False, False, False, True, True, False, False, False]",case_126
"[True, False, False, False, False, False, False, True, False, False]",case_60
"[False, False, False, False, False, False, True, False, False, True]",case_86
"[False, False, False, False, False, False, False, False, False, True]",case_192
"[False, False, False, False, False, False, False, False, False, False]",case_22
"[False, False, False, False, False, False, False, False, True, False]",case_187
"[False, False, False, False, True, False, False, True, True, False]",case_20
"[False, False, False, False, False, True, True, False, False, False]",case_124
"[False, False, False, False, False, False, False, False, False, False]",case_76
"[True, True, False, False, False, False, True, False, False, False]",case_53
"[False, False, False, False, False, False, False, False, True, False]",case_41
"[False, False, False, True, True, False, False, False, True, False]",case_94
"[False, False, False, False, False, False, False, False, True, False]",case_102
"[False, False, False, False, True, False, False, False, True, False]",case_99
"[False, False, False, False, False, True, True, False, False, False]",case_131
"[False, False, False, False, False, False, False, False, True, False]",case_47
"[False, False, False, True, False, False, False, False, True, False]",case_146
"[False, True, False, False, False, True, True, False, False, False]",case_58
"[False, False, False, False, False, False, False, False, False, False]",case_198
"[False, False, False, False, False, True, True, False, False, False]",case_57
"[False, False, False, False, False, True, True, False, False, False]",case_18
"[False, False, False, False, False, False, True, False, False, False]",case_122
"[False, False, True, False, False, True, True, False, False, False]",case_186
"[False, False, False, False, True, False, False, True, False, False]",case_143
"[False, False, False, False, False, False, True, False, True, False]",case_49
"[False, False, False, False, True, False, False, False, True, False]",case_200
"[False, False, False, False, False, False, False, False, False, False]",case_14
"[False, False, False, False, False, False, False, False, False, False]",case_59
"[False, False, False, False, False, False, True, True, True, False]",case_136
"[False, False, False, False, False, True, True, False, False, False]",case_125
